Dataset,Analyte,Best Model,Parameter,Value,k (Ritger-Peppas),Best R^2 (transformed),RMSE in F-space,RRMSE in F-space (%),Slope,Intercept
SNAHCO3RawData,PO4,Higuchi Model,k_H (Higuchi constant),0.09097634114746063,,0.9928077536091181,0.01710380071306922,3.286319787613727,0.09097634114746063,0.23552975636614734
SNAHCO3RawData,Mg,First-Order Model,k (first-order),0.06986566759019877,,0.9911893601248539,0.03541960781932321,5.766434193737805,-0.06986566759019877,-0.5090858516058665
SNAHCO3RawData,NH4,Higuchi Model,k_H (Higuchi constant),0.1027655214326819,,0.989357093856895,0.023543198972242656,3.9959783496566046,0.1027655214326819,0.26732553287728916
EPSRawData,NH4,First-Order Model,k (first-order),0.05396130878162242,,0.9848306213951082,0.031233870593685164,7.321800362637802,-0.05396130878162242,-0.1728789869818759
EPSRawData,PO4,Higuchi Model,k_H (Higuchi constant),0.1179769367785615,,0.9802029844648186,0.028332395427294533,7.562944785621542,0.1179769367785615,0.06484564570075327
EPSRawData,Mg,Higuchi Model,k_H (Higuchi constant),0.15006305803168243,,0.9769100444191343,0.038985434665979674,8.11826404602826,0.15006305803168243,0.08619380195127788
